{
  "applications": [
    {
      "identifier": "6149d7bc-b506-404d-b98f-140703578044",
      "garminGuid": "6149d7bc-b506-404d-b98f-140703578044",
      "displayName": [
        {
          "symbol": "default",
          "description": "Application Selector"
        }
      ],
      "service": [
        {
          "type": "_garmin-empirbus._tcp",
          "port": "80",
          "txt": [
            "protovers=1",
            "path=/garmin/empirbus_config.json"
          ]
        },
        {
          "type": "_garmin-empirbus-html._tcp",
          "port": "80",
          "txt": [
            "protovers=1",
            "path=/garmin/empirbus_config.json"
          ]
        },
        {
          "type": "_http._tcp",
          "port": "80",
          "txt": [
            "Empirbus=true",
            "Name=Empirbus",
            "UrlPath=index.html",
            "IconFolderPath=/images/raymarine/",
            "Auth=29b648c58b9c6a6d65f8973e477d5800b51c842bd25fb2e21a9fa432f655294c"
          ]
        }
      ],
      "path": "index.html",
      "icon": [
        {
          "symbol": "default",
          "description": "/images/icon-default.png"
        }
      ],
      "showInApplicationSelector": false,
      "devices": [
        "MFD"
      ],
      "mainApplication": true
    },
    {
      "identifier": "61d547c0-997b-11f0-9a14-4b36b456914c",
      "garminGuid": "81a3cd23-cd20-4e28-8122-e1472e1588e4",
      "displayName": [
        {
          "symbol": "default",
          "description": "Digital Switching"
        }
      ],
      "service": [
        {
          "type": "_garmin-empirbus._tcp",
          "port": "80",
          "txt": [
            "protovers=1",
            "path=/garmin/empirbus_config1.json"
          ]
        },
        {
          "type": "_garmin-empirbus-html._tcp",
          "port": "80",
          "txt": [
            "protovers=1",
            "path=/garmin/empirbus_config1.json"
          ]
        },
        {
          "type": "_garmin-mrn-html._tcp",
          "port": "80",
          "txt": [
            "protovers=1",
            "path=/garmin/config1.json"
          ]
        }
      ],
      "path": "index1.html",
      "icon": [
        {
          "symbol": "default",
          "description": "/images/icon-default.png"
        }
      ],
      "showInApplicationSelector": true,
      "devices": [
        "APP"
      ],
      "mainApplication": false
    },
    {
      "identifier": "386b6870-9a5b-11f0-8eeb-d53fa4cea68a",
      "garminGuid": "004c3d47-2111-429e-b806-816140730b38",
      "displayName": [
        {
          "symbol": "default",
          "description": "Test"
        }
      ],
      "service": [
        {
          "type": "_garmin-empirbus._tcp",
          "port": "80",
          "txt": [
            "protovers=1",
            "path=/garmin/empirbus_config2.json"
          ]
        },
        {
          "type": "_garmin-empirbus-html._tcp",
          "port": "80",
          "txt": [
            "protovers=1",
            "path=/garmin/empirbus_config2.json"
          ]
        },
        {
          "type": "_garmin-mrn-html._tcp",
          "port": "80",
          "txt": [
            "protovers=1",
            "path=/garmin/config2.json"
          ]
        }
      ],
      "path": "index2.html",
      "icon": [
        {
          "symbol": "default",
          "description": "/images/icon-default.png"
        }
      ],
      "showInApplicationSelector": true,
      "devices": [
        "APP"
      ],
      "mainApplication": false
    },
    {
      "identifier": "de4a5f92-56af-4d27-bab8-15c64728fa21",
      "garminGuid": "de4a5f92-56af-4d27-bab8-15c64728fa21",
      "displayName": [
        {
          "symbol": "default",
          "description": " EmpirBus Settings"
        },
        {
          "symbol": "en-US",
          "description": " EmpirBus Settings"
        },
        {
          "symbol": "da-DK",
          "description": " EmpirBus Indstillinger"
        },
        {
          "symbol": "nl-NL",
          "description": " EmpirBus Instellingen"
        },
        {
          "symbol": "fi-FI",
          "description": " EmpirBus Asetukset"
        },
        {
          "symbol": "fr-Fr",
          "description": " EmpirBus Paramètres"
        },
        {
          "symbol": "de-DE",
          "description": " EmpirBus Einstellungen"
        },
        {
          "symbol": "it-IT",
          "description": " EmpirBus Impostazioni"
        },
        {
          "symbol": "nn-NO",
          "description": " EmpirBus Innstillinger"
        },
        {
          "symbol": "pt-BR",
          "description": " EmpirBus Definições"
        },
        {
          "symbol": "es-ES",
          "description": " EmpirBus Configuración"
        },
        {
          "symbol": "sv-SE",
          "description": " EmpirBus Inställningar"
        }
      ],
      "service": [
        {
          "type": "_garmin-empirbus._tcp",
          "port": "80",
          "txt": [
            "protovers=1",
            "path=/garmin/empirbus_config3.json"
          ]
        },
        {
          "type": "_garmin-empirbus-html._tcp",
          "port": "80",
          "txt": [
            "protovers=1",
            "path=/garmin/empirbus_config3.json"
          ]
        },
        {
          "type": "_garmin-mrn-html._tcp",
          "port": "80",
          "txt": [
            "protovers=1",
            "path=/garmin/config3.json"
          ]
        }
      ],
      "path": "settings-web/#",
      "icon": [
        {
          "symbol": "default",
          "description": "/images/icon-settings.png"
        }
      ],
      "showInApplicationSelector": true,
      "devices": [
        "MFD",
        "APP"
      ],
      "mainApplication": false
    }
  ]
}