{
  "systemType": "core",
  "outputs": [
    {
      "id": "battery-voltage",
      "source": "bms",
      "channel": "battery-voltage",
      "control": "signal-value",
      "label": "Battery Voltage",
      "icon": "/icons/Battery.svg",
      "signals": {
        "value": 197
      }
    },
    {
      "id": "battery-soc",
      "source": "bms",
      "channel": "battery-soc",
      "control": "signal-value",
      "label": "Battery State of Charge",
      "icon": "/icons/Battery.svg",
      "signals": {
        "value": 149
      }
    },
    {
      "id": "tank-fresh-1",
      "source": "sensors",
      "channel": "tank-fresh-1",
      "control": "signal-value",
      "label": "Fresh Water Tank",
      "icon": "/icons/Tank.svg",
      "signals": {
        "value": 201
      }
    },
    {
      "id": "tank-waste-2",
      "source": "sensors",
      "channel": "tank-waste-2",
      "control": "signal-value",
      "label": "Waste Water Tank",
      "icon": "/icons/Tank.svg",
      "signals": {
        "value": 202
      }
    },
    {
      "id": "tank-black-3",
      "source": "sensors",
      "channel": "tank-black-3",
      "control": "signal-value",
      "label": "Black Water Tank",
      "icon": "/icons/Tank.svg",
      "signals": {
        "value": 203
      }
    },
    {
      "id": "alternator-current",
      "source": "alternator",
      "channel": "alternator-current",
      "control": "signal-value",
      "label": "Alternator Current",
      "icon": "/icons/Alternator.svg",
      "signals": {
        "value": 339
      }
    },
    {
      "id": "orion-current",
      "source": "orion",
      "channel": "orion-current",
      "control": "signal-value",
      "label": "Orion DC-DC Current",
      "icon": "/icons/Charger.svg",
      "signals": {
        "value": 340
      }
    },
    {
      "id": "core-01",
      "source": "core",
      "channel": 1,
      "control": "dimmer",
      "label": "Core 1",
      "icon": "/icons/Dimmer.svg",
      "signals": {
        "toggle": 15,
        "momentary": 14,
        "dimmer": 16
      }
    },
    {
      "id": "core-02",
      "source": "core",
      "channel": 2,
      "control": "dimmer",
      "label": "Core 2",
      "icon": "/icons/Dimmer.svg",
      "signals": {
        "toggle": 72,
        "momentary": 71,
        "dimmer": 73
      }
    },
    {
      "id": "core-03",
      "source": "core",
      "channel": 3,
      "control": "toggle-button",
      "label": "Core 3",
      "icon": "/icons/Light.svg",
      "signals": {
        "toggle": 18,
        "momentary": 17,
        "dimmer": 19
      }
    },
    {
      "id": "core-04",
      "source": "core",
      "channel": 4,
      "control": "toggle-button",
      "label": "Core 4",
      "icon": "/icons/Light.svg",
      "signals": {
        "toggle": 21,
        "momentary": 20,
        "dimmer": 22
      }
    },
    {
      "id": "core-05",
      "source": "core",
      "channel": 5,
      "control": "dimmer",
      "label": "Core 5",
      "icon": "/icons/Dimmer.svg",
      "signals": {
        "toggle": 75,
        "momentary": 74,
        "dimmer": 76
      }
    },
    {
      "id": "core-06",
      "source": "core",
      "channel": 6,
      "control": "toggle-button",
      "label": "Core 6",
      "icon": "/icons/Light.svg",
      "signals": {
        "toggle": 27,
        "momentary": 26,
        "dimmer": 28
      }
    },
    {
      "id": "core-07",
      "source": "core",
      "channel": 7,
      "control": "toggle-button",
      "label": "Core 7",
      "icon": "/icons/Light.svg",
      "signals": {
        "toggle": 30,
        "momentary": 29,
        "dimmer": 31
      }
    },
    {
      "id": "core-08",
      "source": "core",
      "channel": 8,
      "control": "toggle-button",
      "label": "Core 8",
      "icon": "/icons/Light.svg",
      "signals": {
        "toggle": 33,
        "momentary": 32,
        "dimmer": 34
      }
    },
    {
      "id": "core-09",
      "source": "core",
      "channel": 9,
      "control": "dimmer",
      "label": "Core 9",
      "icon": "/icons/Dimmer.svg",
      "signals": {
        "toggle": 78,
        "momentary": 77,
        "dimmer": 79
      }
    },
    {
      "id": "core-10",
      "source": "core",
      "channel": 10,
      "control": "dimmer",
      "label": "Core 10",
      "icon": "/icons/Dimmer.svg",
      "signals": {
        "toggle": 81,
        "momentary": 80,
        "dimmer": 82
      }
    },
    {
      "id": "core-11",
      "source": "core",
      "channel": 11,
      "control": "special-function",
      "label": "Core 11",
      "icon": "/icons/Settings.svg",
      "signals": {
        "toggle": 42,
        "momentary": 41,
        "dimmer": 43
      }
    },
    {
      "id": "core-12",
      "source": "core",
      "channel": 12,
      "control": "special-function",
      "label": "Core 12",
      "icon": "/icons/Settings.svg",
      "signals": {
        "toggle": 45,
        "momentary": 44,
        "dimmer": 46
      }
    },
    {
      "id": "core-13",
      "source": "core",
      "channel": 13,
      "control": "dimmer",
      "label": "Core 13",
      "icon": "/icons/Dimmer.svg",
      "signals": {
        "toggle": 84,
        "momentary": 83,
        "dimmer": 85
      }
    },
    {
      "id": "core-17",
      "source": "core",
      "channel": 17,
      "control": "dimmer",
      "label": "Core 17",
      "icon": "/icons/Dimmer.svg",
      "signals": {
        "toggle": 87,
        "momentary": 86,
        "dimmer": 88
      }
    },
    {
      "id": "core-18",
      "source": "core",
      "channel": 18,
      "control": "dimmer",
      "label": "Core 18",
      "icon": "/icons/Dimmer.svg",
      "signals": {
        "toggle": 90,
        "momentary": 89,
        "dimmer": 91
      }
    },
    {
      "id": "core-19",
      "source": "core",
      "channel": 19,
      "control": "dimmer",
      "label": "Core 19",
      "icon": "/icons/Dimmer.svg",
      "signals": {
        "toggle": 93,
        "momentary": 92,
        "dimmer": 94
      }
    },
    {
      "id": "core-20",
      "source": "core",
      "channel": 20,
      "control": "dimmer",
      "label": "Core 20",
      "icon": "/icons/Dimmer.svg",
      "signals": {
        "toggle": 96,
        "momentary": 95,
        "dimmer": 97
      }
    },
    {
      "id": "core-21",
      "source": "core",
      "channel": 21,
      "control": "dimmer",
      "label": "Core 21",
      "icon": "/icons/Dimmer.svg",
      "signals": {
        "toggle": 99,
        "momentary": 98,
        "dimmer": 100
      }
    },
    {
      "id": "core-25",
      "source": "core",
      "channel": 25,
      "control": "dimmer",
      "label": "Core 25",
      "icon": "/icons/Dimmer.svg",
      "signals": {
        "toggle": 102,
        "momentary": 101,
        "dimmer": 103
      }
    },
    {
      "id": "core-26",
      "source": "core",
      "channel": 26,
      "control": "dimmer",
      "label": "Core 26",
      "icon": "/icons/Dimmer.svg",
      "signals": {
        "toggle": 105,
        "momentary": 104,
        "dimmer": 106
      }
    },
    {
      "id": "core-27",
      "source": "core",
      "channel": 27,
      "control": "dimmer",
      "label": "Core 27",
      "icon": "/icons/Dimmer.svg",
      "signals": {
        "toggle": 108,
        "momentary": 107,
        "dimmer": 109
      }
    },
    {
      "id": "core-28",
      "source": "core",
      "channel": 28,
      "control": "dimmer",
      "label": "Core 28",
      "icon": "/icons/Dimmer.svg",
      "signals": {
        "toggle": 111,
        "momentary": 110,
        "dimmer": 112
      }
    },
    {
      "id": "core-29",
      "source": "core",
      "channel": 29,
      "control": "dimmer",
      "label": "Core 29",
      "icon": "/icons/Dimmer.svg",
      "signals": {
        "toggle": 114,
        "momentary": 113,
        "dimmer": 115
      }
    },
    {
      "id": "signal-primary-solar-voltage",
      "source": "solar",
      "channel": 153,
      "control": "signal-value",
      "label": "Primary Solar Voltage",
      "icon": "/icons/Solar.svg",
      "signals": { "value": 153 }
    },
    {
      "id": "signal-leg-one-ac-out-voltage",
      "source": "power",
      "channel": 154,
      "control": "signal-value",
      "label": "Leg 1 AC Out Voltage",
      "icon": "/icons/AC.svg",
      "signals": { "value": 154 }
    },
    {
      "id": "signal-leg-one-ac-out-amperage",
      "source": "power",
      "channel": 155,
      "control": "signal-value",
      "label": "Leg 1 AC Out Amperage",
      "icon": "/icons/AC.svg",
      "signals": { "value": 155 }
    },
    {
      "id": "signal-solar-indicator",
      "source": "solar",
      "channel": 156,
      "control": "signal-value",
      "label": "Solar Indicator",
      "icon": "/icons/Solar.svg",
      "signals": { "value": 156 }
    },
    {
      "id": "signal-primary-solar-amperage",
      "source": "solar",
      "channel": 157,
      "control": "signal-value",
      "label": "Primary Solar Amperage",
      "icon": "/icons/Solar.svg",
      "signals": { "value": 157 }
    },
    {
      "id": "signal-aux-solar-voltage",
      "source": "solar",
      "channel": 158,
      "control": "signal-value",
      "label": "Auxiliary Solar Voltage",
      "icon": "/icons/Solar.svg",
      "signals": { "value": 158 }
    },
    {
      "id": "signal-aux-solar-amperage",
      "source": "solar",
      "channel": 159,
      "control": "signal-value",
      "label": "Auxiliary Solar Amperage",
      "icon": "/icons/Solar.svg",
      "signals": { "value": 159 }
    },
    {
      "id": "signal-bms-battery-voltage",
      "source": "bms",
      "channel": 146,
      "control": "signal-value",
      "label": "BMS Battery Voltage",
      "icon": "/icons/Battery.svg",
      "signals": { "value": 146 }
    },
    {
      "id": "signal-dc-loads",
      "source": "power",
      "channel": 147,
      "control": "signal-value",
      "label": "DC Loads",
      "signals": { "value": 147 }
    },
    {
      "id": "signal-bms-battery-amperage",
      "source": "bms",
      "channel": 148,
      "control": "signal-value",
      "label": "BMS Battery Amperage",
      "icon": "/icons/Battery.svg",
      "signals": { "value": 148 }
    },
    {
      "id": "signal-bms-battery-state-of-charge",
      "source": "bms",
      "channel": 149,
      "control": "signal-value",
      "label": "BMS State of Charge",
      "icon": "/icons/Battery.svg",
      "signals": { "value": 149 }
    },
    {
      "id": "signal-bms-time-to-go",
      "source": "bms",
      "channel": 150,
      "control": "signal-value",
      "label": "BMS Time To Go",
      "signals": { "value": 150 }
    },
    {
      "id": "signal-leg-one-ac-in-voltage",
      "source": "power",
      "channel": 151,
      "control": "signal-value",
      "label": "Leg 1 AC In Voltage",
      "icon": "/icons/AC.svg",
      "signals": { "value": 151 }
    },
    {
      "id": "indicator-shore-power",
      "source": "power",
      "channel": 160,
      "control": "signal-value",
      "label": "Shore Power Indicator",
      "signals": { "value": 160 }
    },
    {
      "id": "pbc-vent-fan-1-on-off",
      "source": "hvac",
      "channel": 161,
      "control": "toggle-button",
      "label": "Vent Fan 1 On/Off"
    },
    {
      "id": "pbc-vent-fan-1-intake",
      "source": "hvac",
      "channel": 162,
      "control": "toggle-button",
      "label": "Vent Fan 1 Intake"
    },
    {
      "id": "pbc-vent-fan-1-exhaust",
      "source": "hvac",
      "channel": 163,
      "control": "toggle-button",
      "label": "Vent Fan 1 Exhaust"
    },
    {
      "id": "mom-vent-fan-1-increase-speed",
      "source": "hvac",
      "channel": 164,
      "control": "push-button",
      "label": "Vent Fan 1 Increase Speed"
    },
    {
      "id": "mom-vent-fan-1-decrease-speed",
      "source": "hvac",
      "channel": 165,
      "control": "push-button",
      "label": "Vent Fan 1 Decrease Speed"
    },
    {
      "id": "signal-vent-fan-1-speed-value",
      "source": "hvac",
      "channel": 166,
      "control": "signal-value",
      "label": "Vent Fan 1 Speed",
      "signals": { "value": 166 }
    },
    {
      "id": "pbc-vent-fan-2-on-off",
      "source": "hvac",
      "channel": 167,
      "control": "toggle-button",
      "label": "Vent Fan 2 On/Off"
    },
    {
      "id": "pbc-vent-fan-2-intake",
      "source": "hvac",
      "channel": 168,
      "control": "toggle-button",
      "label": "Vent Fan 2 Intake"
    },
    {
      "id": "pbc-vent-fan-2-exhaust",
      "source": "hvac",
      "channel": 169,
      "control": "toggle-button",
      "label": "Vent Fan 2 Exhaust"
    },
    {
      "id": "pbc-vent-fan-2-increase-speed",
      "source": "hvac",
      "channel": 170,
      "control": "push-button",
      "label": "Vent Fan 2 Increase Speed"
    },
    {
      "id": "pbc-vent-fan-2-decrease-speed",
      "source": "hvac",
      "channel": 171,
      "control": "push-button",
      "label": "Vent Fan 2 Decrease Speed"
    },
    {
      "id": "pbc-vent-fan-2-speed-value",
      "source": "hvac",
      "channel": 172,
      "control": "signal-value",
      "label": "Vent Fan 2 Speed",
      "signals": { "value": 172 }
    },
    {
      "id": "press-truma-off",
      "source": "hvac",
      "channel": 173,
      "control": "push-button",
      "label": "Truma Off"
    },
    {
      "id": "press-truma-cool",
      "source": "hvac",
      "channel": 174,
      "control": "push-button",
      "label": "Truma Cool"
    },
    {
      "id": "press-truma-fan-only",
      "source": "hvac",
      "channel": 175,
      "control": "push-button",
      "label": "Truma Fan Only"
    },
    {
      "id": "press-truma-fan-off",
      "source": "hvac",
      "channel": 176,
      "control": "push-button",
      "label": "Truma Fan Off"
    },
    {
      "id": "press-truma-fan-low",
      "source": "hvac",
      "channel": 177,
      "control": "push-button",
      "label": "Truma Fan Low"
    },
    {
      "id": "press-truma-fan-med",
      "source": "hvac",
      "channel": 178,
      "control": "push-button",
      "label": "Truma Fan Med"
    },
    {
      "id": "press-truma-fan-hi",
      "source": "hvac",
      "channel": 179,
      "control": "push-button",
      "label": "Truma Fan High"
    },
    {
      "id": "press-therm-set-temp-up",
      "source": "hvac",
      "channel": 180,
      "control": "push-button",
      "label": "Thermostat Temp Up"
    },
    {
      "id": "press-therm-set-temp-down",
      "source": "hvac",
      "channel": 181,
      "control": "push-button",
      "label": "Thermostat Temp Down"
    },
    {
      "id": "press-therm-set-temp-value",
      "source": "hvac",
      "channel": 182,
      "control": "signal-value",
      "label": "Thermostat Temp Value",
      "signals": { "value": 182 }
    },
    {
      "id": "press-therm-set-temp-value-c",
      "source": "hvac",
      "channel": 183,
      "control": "signal-value",
      "label": "Thermostat Temp Value (C)",
      "signals": { "value": 183 }
    },
    {
      "id": "pbc-rixens-system-on-off",
      "source": "hvac",
      "channel": 184,
      "control": "toggle-button",
      "label": "Rixens System On/Off"
    },
    {
      "id": "pbc-rixens-floor-on-off",
      "source": "hvac",
      "channel": 185,
      "control": "toggle-button",
      "label": "Rixens Floor On/Off"
    },
    {
      "id": "pbc-rixens-furnace-on-off",
      "source": "hvac",
      "channel": 186,
      "control": "toggle-button",
      "label": "Rixens Furnace On/Off"
    },
    {
      "id": "pbc-rixens-electric-on-off",
      "source": "hvac",
      "channel": 187,
      "control": "toggle-button",
      "label": "Rixens Electric On/Off"
    },
    {
      "id": "pbc-rixens-engine-on-off",
      "source": "hvac",
      "channel": 188,
      "control": "toggle-button",
      "label": "Rixens Engine On/Off"
    },
    {
      "id": "pbc-rixens-aux-on-off",
      "source": "hvac",
      "channel": 189,
      "control": "toggle-button",
      "label": "Rixens Aux On/Off"
    },
    {
      "id": "pbc-rixens-fan-only",
      "source": "hvac",
      "channel": 190,
      "control": "toggle-button",
      "label": "Rixens Fan Only"
    },
    {
      "id": "pbc-rixen-hot-water",
      "source": "hvac",
      "channel": 191,
      "control": "toggle-button",
      "label": "Rixens Hot Water"
    },
    {
      "id": "pbc-rixens-fan-on-off",
      "source": "hvac",
      "channel": 192,
      "control": "toggle-button",
      "label": "Rixens Fan On/Off"
    },
    {
      "id": "mom-awning-stop",
      "source": "accessories",
      "channel": 193,
      "control": "push-button",
      "label": "Awning Stop"
    },
    {
      "id": "mom-awning-retract",
      "source": "accessories",
      "channel": 194,
      "control": "push-button",
      "label": "Awning Retract"
    },
    {
      "id": "mom-awning-extend",
      "source": "accessories",
      "channel": 195,
      "control": "push-button",
      "label": "Awning Extend"
    },
    {
      "id": "pbc-awning-led-on-off",
      "source": "accessories",
      "channel": 196,
      "control": "toggle-button",
      "label": "Awning LED On/Off"
    },
    {
      "id": "signal-fresh-tank-1",
      "source": "plumbing",
      "channel": 197,
      "control": "signal-value",
      "label": "Fresh Tank 1",
      "signals": { "value": 197 }
    },
    {
      "id": "signal-black-tank-1",
      "source": "plumbing",
      "channel": 198,
      "control": "signal-value",
      "label": "Black Tank 1",
      "signals": { "value": 198 }
    },
    {
      "id": "signal-grey-tank-1",
      "source": "plumbing",
      "channel": 199,
      "control": "signal-value",
      "label": "Grey Tank 1",
      "signals": { "value": 199 }
    },
    {
      "id": "signal-lpg-tank-1",
      "source": "plumbing",
      "channel": 200,
      "control": "signal-value",
      "label": "LPG Tank 1",
      "signals": { "value": 200 }
    },
    {
      "id": "signal-fresh-tank-2-soul",
      "source": "plumbing",
      "channel": 201,
      "control": "signal-value",
      "label": "Fresh Tank 2 (Soul)",
      "signals": { "value": 201 }
    },
    {
      "id": "signal-black-tank-2-soul",
      "source": "plumbing",
      "channel": 202,
      "control": "signal-value",
      "label": "Black Tank 2 (Soul)",
      "signals": { "value": 202 }
    },
    {
      "id": "signal-grey-tank-2-soul",
      "source": "plumbing",
      "channel": 203,
      "control": "signal-value",
      "label": "Grey Tank 2 (Soul)",
      "signals": { "value": 203 }
    },
    {
      "id": "signal-fresh-tank-2-victron",
      "source": "plumbing",
      "channel": 204,
      "control": "signal-value",
      "label": "Fresh Tank 2 (Victron)",
      "signals": { "value": 204 }
    },
    {
      "id": "signal-black-tank-2-victron",
      "source": "plumbing",
      "channel": 205,
      "control": "signal-value",
      "label": "Black Tank 2 (Victron)",
      "signals": { "value": 205 }
    },
    {
      "id": "signal-grey-tank-2-victron",
      "source": "plumbing",
      "channel": 206,
      "control": "signal-value",
      "label": "Grey Tank 2 (Victron)",
      "signals": { "value": 206 }
    },
    {
      "id": "signal-fresh-tank-3-victron",
      "source": "plumbing",
      "channel": 207,
      "control": "signal-value",
      "label": "Fresh Tank 3 (Victron)",
      "signals": { "value": 207 }
    },
    {
      "id": "signal-grey-tank-3-victron",
      "source": "plumbing",
      "channel": 208,
      "control": "signal-value",
      "label": "Grey Tank 3 (Victron)",
      "signals": { "value": 208 }
    },
    {
      "id": "signal-value-int-temp",
      "source": "sensors",
      "channel": 2,
      "control": "signal-value",
      "label": "Interior Temperature",
      "signals": { "value": 2 }
    },
    {
      "id": "signal-value-ext-temp",
      "source": "sensors",
      "channel": 3,
      "control": "signal-value",
      "label": "Exterior Temperature",
      "signals": { "value": 3 }
    },
    {
      "id": "signal-value-starter-battery-voltage",
      "source": "power",
      "channel": 4,
      "control": "signal-value",
      "label": "Starter Battery Voltage",
      "signals": { "value": 4 }
    },
    {
      "id": "press-multiplus-off",
      "source": "power",
      "channel": 132,
      "control": "push-button",
      "label": "MultiPlus Off"
    },
    {
      "id": "press-multi-on",
      "source": "power",
      "channel": 133,
      "control": "push-button",
      "label": "MultiPlus On"
    },
    {
      "id": "press-multiplus-charger-only",
      "source": "power",
      "channel": 134,
      "control": "push-button",
      "label": "MultiPlus Charger Only"
    },
    {
      "id": "mom-increase-ac-limit",
      "source": "power",
      "channel": 135,
      "control": "push-button",
      "label": "Increase AC Limit"
    },
    {
      "id": "mom-decrease-ac-limit",
      "source": "power",
      "channel": 136,
      "control": "push-button",
      "label": "Decrease AC Limit"
    },
    {
      "id": "mom-requested-ac-limit",
      "source": "power",
      "channel": 137,
      "control": "signal-value",
      "label": "Requested AC Limit",
      "signals": { "value": 137 }
    },
    {
      "id": "mom-load-ac-limit",
      "source": "power",
      "channel": 138,
      "control": "push-button",
      "label": "Load AC Limit"
    },
    {
      "id": "signal-current-ac-limit",
      "source": "power",
      "channel": 139,
      "control": "signal-value",
      "label": "Current AC Limit",
      "signals": { "value": 139 }
    },
    {
      "id": "mom-ac-limit-5",
      "source": "power",
      "channel": 140,
      "control": "push-button",
      "label": "Set AC Limit 5A"
    },
    {
      "id": "mom-ac-limit-10",
      "source": "power",
      "channel": 141,
      "control": "push-button",
      "label": "Set AC Limit 10A"
    },
    {
      "id": "mom-ac-limit-15",
      "source": "power",
      "channel": 142,
      "control": "push-button",
      "label": "Set AC Limit 15A"
    },
    {
      "id": "mom-ac-limit-20",
      "source": "power",
      "channel": 143,
      "control": "push-button",
      "label": "Set AC Limit 20A"
    },
    {
      "id": "mom-ac-limit-30",
      "source": "power",
      "channel": 144,
      "control": "push-button",
      "label": "Set AC Limit 30A"
    },
    {
      "id": "mom-ac-limit-50",
      "source": "power",
      "channel": 145,
      "control": "push-button",
      "label": "Set AC Limit 50A"
    },
    {
      "id": "rixens-fan-value",
      "source": "hvac",
      "channel": 338,
      "control": "signal-value",
      "label": "Rixens Fan Value",
      "signals": { "value": 338 }
    }
  ]
}
