[
  {
    "signalId": 1,
    "description": "don't-use",
    "type": 0,
    "channelType": 3,
    "dataItemFormatType": 0,
    "dataType": 0,
    "channelSettingType": 0
  },
  {
    "signalId": 2,
    "description": "signal-value-int-temp",
    "type": 0,
    "channelType": 5,
    "dataItemFormatType": 22,
    "dataType": 0,
    "channelSettingType": 0
  },
  {
    "signalId": 3,
    "description": "signal-value-ext-temp",
    "type": 0,
    "channelType": 5,
    "dataItemFormatType": 22,
    "dataType": 0,
    "channelSettingType": 0
  },
  {
    "signalId": 4,
    "description": "signal-value-starter-battery-voltage",
    "type": 0,
    "channelType": 5,
    "dataItemFormatType": 0,
    "dataType": 2,
    "channelSettingType": 0
  },
  {
    "signalId": 5,
    "description": "pbc-all-interior-lights",
    "type": 0,
    "channelType": 1,
    "dataItemFormatType": 0,
    "dataType": 0,
    "channelSettingType": 0
  },
  {
    "signalId": 6,
    "description": "pbc-all-exterior-lights",
    "type": 0,
    "channelType": 1,
    "dataItemFormatType": 0,
    "dataType": 0,
    "channelSettingType": 0
  },
  {
    "signalId": 14,
    "description": "mom-channel-1-on-off",
    "type": 0,
    "channelType": 1,
    "dataItemFormatType": 0,
    "dataType": 0,
    "channelSettingType": 0
  },
  {
    "signalId": 15,
    "description": "toggle-channel-1-on-off",
    "type": 0,
    "channelType": 1,
    "dataItemFormatType": 0,
    "dataType": 0,
    "channelSettingType": 0
  },
  {
    "signalId": 16,
    "description": "dcu-channel-1",
    "type": 0,
    "channelType": 3,
    "dataItemFormatType": 0,
    "dataType": 0,
    "channelSettingType": 0
  },
  {
    "signalId": 71,
    "description": "mom-channel-2-on-off",
    "type": 0,
    "channelType": 1,
    "dataItemFormatType": 0,
    "dataType": 0,
    "channelSettingType": 0
  },
  {
    "signalId": 72,
    "description": "toggle-channel-2-on-off",
    "type": 0,
    "channelType": 1,
    "dataItemFormatType": 0,
    "dataType": 0,
    "channelSettingType": 0
  },
  {
    "signalId": 73,
    "description": "dcu-channel-2",
    "type": 0,
    "channelType": 3,
    "dataItemFormatType": 0,
    "dataType": 0,
    "channelSettingType": 0
  },
  {
    "signalId": 74,
    "description": "mom-channel-5-on-off",
    "type": 0,
    "channelType": 1,
    "dataItemFormatType": 0,
    "dataType": 0,
    "channelSettingType": 0
  },
  {
    "signalId": 75,
    "description": "toggle-channel-5-on-off",
    "type": 0,
    "channelType": 1,
    "dataItemFormatType": 0,
    "dataType": 0,
    "channelSettingType": 0
  },
  {
    "signalId": 76,
    "description": "dcu-channel-5",
    "type": 0,
    "channelType": 3,
    "dataItemFormatType": 0,
    "dataType": 0,
    "channelSettingType": 0
  },
  {
    "signalId": 77,
    "description": "mom-channel-9-on-off",
    "type": 0,
    "channelType": 1,
    "dataItemFormatType": 0,
    "dataType": 0,
    "channelSettingType": 0
  },
  {
    "signalId": 78,
    "description": "toggle-channel-9-on-off",
    "type": 0,
    "channelType": 1,
    "dataItemFormatType": 0,
    "dataType": 0,
    "channelSettingType": 0
  },
  {
    "signalId": 79,
    "description": "dcu-channel-9",
    "type": 0,
    "channelType": 3,
    "dataItemFormatType": 0,
    "dataType": 0,
    "channelSettingType": 0
  },
  {
    "signalId": 80,
    "description": "mom-channel-10-on-off",
    "type": 0,
    "channelType": 1,
    "dataItemFormatType": 0,
    "dataType": 0,
    "channelSettingType": 0
  },
  {
    "signalId": 81,
    "description": "toggle-channel-10-on-off",
    "type": 0,
    "channelType": 1,
    "dataItemFormatType": 0,
    "dataType": 0,
    "channelSettingType": 0
  },
  {
    "signalId": 82,
    "description": "dcu-channel-10",
    "type": 0,
    "channelType": 3,
    "dataItemFormatType": 0,
    "dataType": 0,
    "channelSettingType": 0
  },
  {
    "signalId": 83,
    "description": "mom-channel-13-on-off",
    "type": 0,
    "channelType": 1,
    "dataItemFormatType": 0,
    "dataType": 0,
    "channelSettingType": 0
  },
  {
    "signalId": 84,
    "description": "toggle-channel-13-on-off",
    "type": 0,
    "channelType": 1,
    "dataItemFormatType": 0,
    "dataType": 0,
    "channelSettingType": 0
  },
  {
    "signalId": 85,
    "description": "dcu-channel-13",
    "type": 0,
    "channelType": 3,
    "dataItemFormatType": 0,
    "dataType": 0,
    "channelSettingType": 0
  },
  {
    "signalId": 86,
    "description": "mom-channel-17-on-off",
    "type": 0,
    "channelType": 1,
    "dataItemFormatType": 0,
    "dataType": 0,
    "channelSettingType": 0
  },
  {
    "signalId": 87,
    "description": "toggle-channel-17-on-off",
    "type": 0,
    "channelType": 1,
    "dataItemFormatType": 0,
    "dataType": 0,
    "channelSettingType": 0
  },
  {
    "signalId": 88,
    "description": "dcu-channel-17",
    "type": 0,
    "channelType": 3,
    "dataItemFormatType": 0,
    "dataType": 0,
    "channelSettingType": 0
  },
  {
    "signalId": 89,
    "description": "mom-channel-18-on-off",
    "type": 0,
    "channelType": 1,
    "dataItemFormatType": 0,
    "dataType": 0,
    "channelSettingType": 0
  },
  {
    "signalId": 90,
    "description": "toggle-channel-18-on-off",
    "type": 0,
    "channelType": 1,
    "dataItemFormatType": 0,
    "dataType": 0,
    "channelSettingType": 0
  },
  {
    "signalId": 91,
    "description": "dcu-channel-18",
    "type": 0,
    "channelType": 3,
    "dataItemFormatType": 0,
    "dataType": 0,
    "channelSettingType": 0
  },
  {
    "signalId": 92,
    "description": "mom-channel-19-on-off",
    "type": 0,
    "channelType": 1,
    "dataItemFormatType": 0,
    "dataType": 0,
    "channelSettingType": 0
  },
  {
    "signalId": 93,
    "description": "toggle-channel-19-on-off",
    "type": 0,
    "channelType": 1,
    "dataItemFormatType": 0,
    "dataType": 0,
    "channelSettingType": 0
  },
  {
    "signalId": 94,
    "description": "dcu-channel-19",
    "type": 0,
    "channelType": 3,
    "dataItemFormatType": 0,
    "dataType": 0,
    "channelSettingType": 0
  },
  {
    "signalId": 95,
    "description": "mom-channel-20-on-off",
    "type": 0,
    "channelType": 1,
    "dataItemFormatType": 0,
    "dataType": 0,
    "channelSettingType": 0
  },
  {
    "signalId": 96,
    "description": "toggle-channel-20-on-off",
    "type": 0,
    "channelType": 1,
    "dataItemFormatType": 0,
    "dataType": 0,
    "channelSettingType": 0
  },
  {
    "signalId": 97,
    "description": "dcu-channel-20",
    "type": 0,
    "channelType": 3,
    "dataItemFormatType": 0,
    "dataType": 0,
    "channelSettingType": 0
  },
  {
    "signalId": 98,
    "description": "mom-channel-21-on-off",
    "type": 0,
    "channelType": 1,
    "dataItemFormatType": 0,
    "dataType": 0,
    "channelSettingType": 0
  },
  {
    "signalId": 99,
    "description": "toggle-channel-21-on-off",
    "type": 0,
    "channelType": 1,
    "dataItemFormatType": 0,
    "dataType": 0,
    "channelSettingType": 0
  },
  {
    "signalId": 100,
    "description": "dcu-channel-21",
    "type": 0,
    "channelType": 3,
    "dataItemFormatType": 0,
    "dataType": 0,
    "channelSettingType": 0
  },
  {
    "signalId": 101,
    "description": "mom-channel-25-on-off",
    "type": 0,
    "channelType": 1,
    "dataItemFormatType": 0,
    "dataType": 0,
    "channelSettingType": 0
  },
  {
    "signalId": 102,
    "description": "toggle-channel-25-on-off",
    "type": 0,
    "channelType": 1,
    "dataItemFormatType": 0,
    "dataType": 0,
    "channelSettingType": 0
  },
  {
    "signalId": 103,
    "description": "dcu-channel-25",
    "type": 0,
    "channelType": 3,
    "dataItemFormatType": 0,
    "dataType": 0,
    "channelSettingType": 0
  },
  {
    "signalId": 104,
    "description": "mom-channel-26-on-off",
    "type": 0,
    "channelType": 1,
    "dataItemFormatType": 0,
    "dataType": 0,
    "channelSettingType": 0
  },
  {
    "signalId": 105,
    "description": "toggle-channel-26-on-off",
    "type": 0,
    "channelType": 1,
    "dataItemFormatType": 0,
    "dataType": 0,
    "channelSettingType": 0
  },
  {
    "signalId": 106,
    "description": "dcu-channel-26",
    "type": 0,
    "channelType": 3,
    "dataItemFormatType": 0,
    "dataType": 0,
    "channelSettingType": 0
  },
  {
    "signalId": 107,
    "description": "mom-channel-27-on-off",
    "type": 0,
    "channelType": 1,
    "dataItemFormatType": 0,
    "dataType": 0,
    "channelSettingType": 0
  },
  {
    "signalId": 108,
    "description": "toggle-channel-27-on-off",
    "type": 0,
    "channelType": 1,
    "dataItemFormatType": 0,
    "dataType": 0,
    "channelSettingType": 0
  },
  {
    "signalId": 109,
    "description": "dcu-channel-27",
    "type": 0,
    "channelType": 3,
    "dataItemFormatType": 0,
    "dataType": 0,
    "channelSettingType": 0
  },
  {
    "signalId": 110,
    "description": "mom-channel-28-on-off",
    "type": 0,
    "channelType": 1,
    "dataItemFormatType": 0,
    "dataType": 0,
    "channelSettingType": 0
  },
  {
    "signalId": 111,
    "description": "toggle-channel-28-on-off",
    "type": 0,
    "channelType": 1,
    "dataItemFormatType": 0,
    "dataType": 0,
    "channelSettingType": 0
  },
  {
    "signalId": 112,
    "description": "dcu-channel-28",
    "type": 0,
    "channelType": 3,
    "dataItemFormatType": 0,
    "dataType": 0,
    "channelSettingType": 0
  },
  {
    "signalId": 113,
    "description": "mom-channel-29-on-off",
    "type": 0,
    "channelType": 1,
    "dataItemFormatType": 0,
    "dataType": 0,
    "channelSettingType": 0
  },
  {
    "signalId": 114,
    "description": "toggle-channel-29-on-off",
    "type": 0,
    "channelType": 1,
    "dataItemFormatType": 0,
    "dataType": 0,
    "channelSettingType": 0
  },
  {
    "signalId": 115,
    "description": "dcu-channel-29",
    "type": 0,
    "channelType": 3,
    "dataItemFormatType": 0,
    "dataType": 0,
    "channelSettingType": 0
  },
  {
    "signalId": 116,
    "description": "channel-3-pbc",
    "type": 0,
    "channelType": 1,
    "dataItemFormatType": 0,
    "dataType": 0,
    "channelSettingType": 0
  },
  {
    "signalId": 117,
    "description": "channel-3-mom",
    "type": 0,
    "channelType": 1,
    "dataItemFormatType": 0,
    "dataType": 0,
    "channelSettingType": 0
  },
  {
    "signalId": 118,
    "description": "channel-3-dcu",
    "type": 0,
    "channelType": 3,
    "dataItemFormatType": 0,
    "dataType": 0,
    "channelSettingType": 0
  },
  {
    "signalId": 119,
    "description": "channel-4-pbc",
    "type": 0,
    "channelType": 1,
    "dataItemFormatType": 0,
    "dataType": 0,
    "channelSettingType": 0
  },
  {
    "signalId": 120,
    "description": "channel-4-mom",
    "type": 0,
    "channelType": 1,
    "dataItemFormatType": 0,
    "dataType": 0,
    "channelSettingType": 0
  },
  {
    "signalId": 121,
    "description": "channel-4-dcu",
    "type": 0,
    "channelType": 3,
    "dataItemFormatType": 0,
    "dataType": 0,
    "channelSettingType": 0
  },
  {
    "signalId": 122,
    "description": "channel-3-half-bridge",
    "type": 0,
    "channelType": 1,
    "dataItemFormatType": 0,
    "dataType": 0,
    "channelSettingType": 0
  },
  {
    "signalId": 123,
    "description": "channel-4-half-bridge",
    "type": 0,
    "channelType": 1,
    "dataItemFormatType": 0,
    "dataType": 0,
    "channelSettingType": 0
  },
  {
    "signalId": 124,
    "description": "channel-11-pbc",
    "type": 0,
    "channelType": 1,
    "dataItemFormatType": 0,
    "dataType": 0,
    "channelSettingType": 0
  },
  {
    "signalId": 125,
    "description": "channel-11-mom",
    "type": 0,
    "channelType": 1,
    "dataItemFormatType": 0,
    "dataType": 0,
    "channelSettingType": 0
  },
  {
    "signalId": 126,
    "description": "channel-11-dcu",
    "type": 0,
    "channelType": 3,
    "dataItemFormatType": 0,
    "dataType": 0,
    "channelSettingType": 0
  },
  {
    "signalId": 127,
    "description": "channel-12-pbc",
    "type": 0,
    "channelType": 1,
    "dataItemFormatType": 0,
    "dataType": 0,
    "channelSettingType": 0
  },
  {
    "signalId": 128,
    "description": "channel-12-mom",
    "type": 0,
    "channelType": 1,
    "dataItemFormatType": 0,
    "dataType": 0,
    "channelSettingType": 0
  },
  {
    "signalId": 129,
    "description": "channel-12-dcu",
    "type": 0,
    "channelType": 3,
    "dataItemFormatType": 0,
    "dataType": 0,
    "channelSettingType": 0
  },
  {
    "signalId": 130,
    "description": "channel-11-half",
    "type": 0,
    "channelType": 1,
    "dataItemFormatType": 0,
    "dataType": 0,
    "channelSettingType": 0
  },
  {
    "signalId": 131,
    "description": "channel-12-half",
    "type": 0,
    "channelType": 1,
    "dataItemFormatType": 0,
    "dataType": 0,
    "channelSettingType": 0
  },
  {
    "signalId": 7,
    "description": "mom-setting-save-settings",
    "type": 0,
    "channelType": 1,
    "dataItemFormatType": 0,
    "dataType": 0,
    "channelSettingType": 0
  },
  {
    "signalId": 8,
    "description": "pbc-settings-channel-1-interior-light",
    "type": 0,
    "channelType": 1,
    "dataItemFormatType": 0,
    "dataType": 0,
    "channelSettingType": 0
  },
  {
    "signalId": 9,
    "description": "pbc-settings-channel-1-exterior-light",
    "type": 0,
    "channelType": 1,
    "dataItemFormatType": 0,
    "dataType": 0,
    "channelSettingType": 0
  },
  {
    "signalId": 10,
    "description": "pbc-settings-channel-1-ramp",
    "type": 0,
    "channelType": 1,
    "dataItemFormatType": 0,
    "dataType": 0,
    "channelSettingType": 0
  },
  {
    "signalId": 11,
    "description": "pbc-settings-channel-2-interior-light",
    "type": 0,
    "channelType": 1,
    "dataItemFormatType": 0,
    "dataType": 0,
    "channelSettingType": 0
  },
  {
    "signalId": 12,
    "description": "pbc-settings-channel-2-exterior-light",
    "type": 0,
    "channelType": 1,
    "dataItemFormatType": 0,
    "dataType": 0,
    "channelSettingType": 0
  },
  {
    "signalId": 13,
    "description": "pbc-settings-channel-2-ramp",
    "type": 0,
    "channelType": 1,
    "dataItemFormatType": 0,
    "dataType": 0,
    "channelSettingType": 0
  },
  {
    "signalId": 17,
    "description": "pbc-settings-channel-3-interior-light",
    "type": 0,
    "channelType": 1,
    "dataItemFormatType": 0,
    "dataType": 0,
    "channelSettingType": 0
  },
  {
    "signalId": 18,
    "description": "pbc-settings-channel-3-exterior-light",
    "type": 0,
    "channelType": 1,
    "dataItemFormatType": 0,
    "dataType": 0,
    "channelSettingType": 0
  },
  {
    "signalId": 19,
    "description": "pbc-settings-channel-3-ramp",
    "type": 0,
    "channelType": 1,
    "dataItemFormatType": 0,
    "dataType": 0,
    "channelSettingType": 0
  },
  {
    "signalId": 20,
    "description": "pbc-settings-channel-4-interior-light",
    "type": 0,
    "channelType": 1,
    "dataItemFormatType": 0,
    "dataType": 0,
    "channelSettingType": 0
  },
  {
    "signalId": 21,
    "description": "pbc-settings-channel-4-exterior-light",
    "type": 0,
    "channelType": 1,
    "dataItemFormatType": 0,
    "dataType": 0,
    "channelSettingType": 0
  },
  {
    "signalId": 22,
    "description": "pbc-settings-channel-4-ramp",
    "type": 0,
    "channelType": 1,
    "dataItemFormatType": 0,
    "dataType": 0,
    "channelSettingType": 0
  },
  {
    "signalId": 23,
    "description": "pbc-settings-channel-5-interior-light",
    "type": 0,
    "channelType": 1,
    "dataItemFormatType": 0,
    "dataType": 0,
    "channelSettingType": 0
  },
  {
    "signalId": 24,
    "description": "pbc-settings-channel-5-exterior-light",
    "type": 0,
    "channelType": 1,
    "dataItemFormatType": 0,
    "dataType": 0,
    "channelSettingType": 0
  },
  {
    "signalId": 25,
    "description": "pbc-settings-channel-5-ramp",
    "type": 0,
    "channelType": 1,
    "dataItemFormatType": 0,
    "dataType": 0,
    "channelSettingType": 0
  },
  {
    "signalId": 26,
    "description": "pbc-settings-channel-9-interior-light",
    "type": 0,
    "channelType": 1,
    "dataItemFormatType": 0,
    "dataType": 0,
    "channelSettingType": 0
  },
  {
    "signalId": 27,
    "description": "pbc-settings-channel-9-exterior-light",
    "type": 0,
    "channelType": 1,
    "dataItemFormatType": 0,
    "dataType": 0,
    "channelSettingType": 0
  },
  {
    "signalId": 28,
    "description": "pbc-settings-channel-9-ramp",
    "type": 0,
    "channelType": 1,
    "dataItemFormatType": 0,
    "dataType": 0,
    "channelSettingType": 0
  },
  {
    "signalId": 29,
    "description": "pbc-settings-channel-10-interior-light",
    "type": 0,
    "channelType": 1,
    "dataItemFormatType": 0,
    "dataType": 0,
    "channelSettingType": 0
  },
  {
    "signalId": 30,
    "description": "pbc-settings-channel-10-exterior-light",
    "type": 0,
    "channelType": 1,
    "dataItemFormatType": 0,
    "dataType": 0,
    "channelSettingType": 0
  },
  {
    "signalId": 31,
    "description": "pbc-settings-channel-10-ramp",
    "type": 0,
    "channelType": 1,
    "dataItemFormatType": 0,
    "dataType": 0,
    "channelSettingType": 0
  },
  {
    "signalId": 32,
    "description": "pbc-settings-channel-11-interior-light",
    "type": 0,
    "channelType": 1,
    "dataItemFormatType": 0,
    "dataType": 0,
    "channelSettingType": 0
  },
  {
    "signalId": 33,
    "description": "pbc-settings-channel-11-exterior-light",
    "type": 0,
    "channelType": 1,
    "dataItemFormatType": 0,
    "dataType": 0,
    "channelSettingType": 0
  },
  {
    "signalId": 34,
    "description": "pbc-settings-channel-11-ramp",
    "type": 0,
    "channelType": 1,
    "dataItemFormatType": 0,
    "dataType": 0,
    "channelSettingType": 0
  },
  {
    "signalId": 35,
    "description": "pbc-settings-channel-12-interior-light",
    "type": 0,
    "channelType": 1,
    "dataItemFormatType": 0,
    "dataType": 0,
    "channelSettingType": 0
  },
  {
    "signalId": 36,
    "description": "pbc-settings-channel-12-exterior-light",
    "type": 0,
    "channelType": 1,
    "dataItemFormatType": 0,
    "dataType": 0,
    "channelSettingType": 0
  },
  {
    "signalId": 37,
    "description": "pbc-settings-channel-12-ramp",
    "type": 0,
    "channelType": 1,
    "dataItemFormatType": 0,
    "dataType": 0,
    "channelSettingType": 0
  },
  {
    "signalId": 38,
    "description": "pbc-settings-channel-13-interior-light",
    "type": 0,
    "channelType": 1,
    "dataItemFormatType": 0,
    "dataType": 0,
    "channelSettingType": 0
  },
  {
    "signalId": 39,
    "description": "pbc-settings-channel-13-exterior-light",
    "type": 0,
    "channelType": 1,
    "dataItemFormatType": 0,
    "dataType": 0,
    "channelSettingType": 0
  },
  {
    "signalId": 40,
    "description": "pbc-settings-channel-13-ramp",
    "type": 0,
    "channelType": 1,
    "dataItemFormatType": 0,
    "dataType": 0,
    "channelSettingType": 0
  },
  {
    "signalId": 41,
    "description": "pbc-settings-channel-17-interior-light",
    "type": 0,
    "channelType": 1,
    "dataItemFormatType": 0,
    "dataType": 0,
    "channelSettingType": 0
  },
  {
    "signalId": 42,
    "description": "pbc-settings-channel-17-exterior-light",
    "type": 0,
    "channelType": 1,
    "dataItemFormatType": 0,
    "dataType": 0,
    "channelSettingType": 0
  },
  {
    "signalId": 43,
    "description": "pbc-settings-channel-17-ramp",
    "type": 0,
    "channelType": 1,
    "dataItemFormatType": 0,
    "dataType": 0,
    "channelSettingType": 0
  },
  {
    "signalId": 44,
    "description": "pbc-settings-channel-18-interior-light",
    "type": 0,
    "channelType": 1,
    "dataItemFormatType": 0,
    "dataType": 0,
    "channelSettingType": 0
  },
  {
    "signalId": 45,
    "description": "pbc-settings-channel-18-exterior-light",
    "type": 0,
    "channelType": 1,
    "dataItemFormatType": 0,
    "dataType": 0,
    "channelSettingType": 0
  },
  {
    "signalId": 46,
    "description": "pbc-settings-channel-18-ramp",
    "type": 0,
    "channelType": 1,
    "dataItemFormatType": 0,
    "dataType": 0,
    "channelSettingType": 0
  },
  {
    "signalId": 47,
    "description": "pbc-settings-channel-19-interior-light",
    "type": 0,
    "channelType": 1,
    "dataItemFormatType": 0,
    "dataType": 0,
    "channelSettingType": 0
  },
  {
    "signalId": 48,
    "description": "pbc-settings-channel-19-exterior-light",
    "type": 0,
    "channelType": 1,
    "dataItemFormatType": 0,
    "dataType": 0,
    "channelSettingType": 0
  },
  {
    "signalId": 49,
    "description": "pbc-settings-channel-19-ramp",
    "type": 0,
    "channelType": 1,
    "dataItemFormatType": 0,
    "dataType": 0,
    "channelSettingType": 0
  },
  {
    "signalId": 50,
    "description": "pbc-settings-channel-20-interior-light",
    "type": 0,
    "channelType": 1,
    "dataItemFormatType": 0,
    "dataType": 0,
    "channelSettingType": 0
  },
  {
    "signalId": 51,
    "description": "pbc-settings-channel-20-exterior-light",
    "type": 0,
    "channelType": 1,
    "dataItemFormatType": 0,
    "dataType": 0,
    "channelSettingType": 0
  },
  {
    "signalId": 52,
    "description": "pbc-settings-channel-20-ramp",
    "type": 0,
    "channelType": 1,
    "dataItemFormatType": 0,
    "dataType": 0,
    "channelSettingType": 0
  },
  {
    "signalId": 53,
    "description": "pbc-settings-channel-21-interior-light",
    "type": 0,
    "channelType": 1,
    "dataItemFormatType": 0,
    "dataType": 0,
    "channelSettingType": 0
  },
  {
    "signalId": 54,
    "description": "pbc-settings-channel-21-exterior-light",
    "type": 0,
    "channelType": 1,
    "dataItemFormatType": 0,
    "dataType": 0,
    "channelSettingType": 0
  },
  {
    "signalId": 55,
    "description": "pbc-settings-channel-21-ramp",
    "type": 0,
    "channelType": 1,
    "dataItemFormatType": 0,
    "dataType": 0,
    "channelSettingType": 0
  },
  {
    "signalId": 56,
    "description": "pbc-settings-channel-25-interior-light",
    "type": 0,
    "channelType": 1,
    "dataItemFormatType": 0,
    "dataType": 0,
    "channelSettingType": 0
  },
  {
    "signalId": 57,
    "description": "pbc-settings-channel-25-exterior-light",
    "type": 0,
    "channelType": 1,
    "dataItemFormatType": 0,
    "dataType": 0,
    "channelSettingType": 0
  },
  {
    "signalId": 58,
    "description": "pbc-settings-channel-25-ramp",
    "type": 0,
    "channelType": 1,
    "dataItemFormatType": 0,
    "dataType": 0,
    "channelSettingType": 0
  },
  {
    "signalId": 59,
    "description": "pbc-settings-channel-26-interior-light",
    "type": 0,
    "channelType": 1,
    "dataItemFormatType": 0,
    "dataType": 0,
    "channelSettingType": 0
  },
  {
    "signalId": 60,
    "description": "pbc-settings-channel-26-exterior-light",
    "type": 0,
    "channelType": 1,
    "dataItemFormatType": 0,
    "dataType": 0,
    "channelSettingType": 0
  },
  {
    "signalId": 61,
    "description": "pbc-settings-channel-26-ramp",
    "type": 0,
    "channelType": 1,
    "dataItemFormatType": 0,
    "dataType": 0,
    "channelSettingType": 0
  },
  {
    "signalId": 62,
    "description": "pbc-settings-channel-27-interior-light",
    "type": 0,
    "channelType": 1,
    "dataItemFormatType": 0,
    "dataType": 0,
    "channelSettingType": 0
  },
  {
    "signalId": 63,
    "description": "pbc-settings-channel-27-exterior-light",
    "type": 0,
    "channelType": 1,
    "dataItemFormatType": 0,
    "dataType": 0,
    "channelSettingType": 0
  },
  {
    "signalId": 64,
    "description": "pbc-settings-channel-27-ramp",
    "type": 0,
    "channelType": 1,
    "dataItemFormatType": 0,
    "dataType": 0,
    "channelSettingType": 0
  },
  {
    "signalId": 65,
    "description": "pbc-settings-channel-28-interior-light",
    "type": 0,
    "channelType": 1,
    "dataItemFormatType": 0,
    "dataType": 0,
    "channelSettingType": 0
  },
  {
    "signalId": 66,
    "description": "pbc-settings-channel-28-exterior-light",
    "type": 0,
    "channelType": 1,
    "dataItemFormatType": 0,
    "dataType": 0,
    "channelSettingType": 0
  },
  {
    "signalId": 67,
    "description": "pbc-settings-channel-28-ramp",
    "type": 0,
    "channelType": 1,
    "dataItemFormatType": 0,
    "dataType": 0,
    "channelSettingType": 0
  },
  {
    "signalId": 68,
    "description": "pbc-settings-channel-29-interior-light",
    "type": 0,
    "channelType": 1,
    "dataItemFormatType": 0,
    "dataType": 0,
    "channelSettingType": 0
  },
  {
    "signalId": 69,
    "description": "pbc-settings-channel-29-exterior-light",
    "type": 0,
    "channelType": 1,
    "dataItemFormatType": 0,
    "dataType": 0,
    "channelSettingType": 0
  },
  {
    "signalId": 70,
    "description": "pbc-settings-channel-29-ramp",
    "type": 0,
    "channelType": 1,
    "dataItemFormatType": 0,
    "dataType": 0,
    "channelSettingType": 0
  },
  {
    "signalId": 161,
    "description": "vent-fan-1-on-off",
    "type": 0,
    "channelType": 1,
    "dataItemFormatType": 0,
    "dataType": 0,
    "channelSettingType": 0
  },
  {
    "signalId": 162,
    "description": "vent-fan-1-intake",
    "type": 0,
    "channelType": 1,
    "dataItemFormatType": 0,
    "dataType": 0,
    "channelSettingType": 0
  },
  {
    "signalId": 163,
    "description": "vent-fan-1-exhaust",
    "type": 0,
    "channelType": 1,
    "dataItemFormatType": 0,
    "dataType": 0,
    "channelSettingType": 0
  },
  {
    "signalId": 164,
    "description": "vent-fan-1-increase-speed",
    "type": 0,
    "channelType": 1,
    "dataItemFormatType": 0,
    "dataType": 0,
    "channelSettingType": 0
  },
  {
    "signalId": 165,
    "description": "vent-fan-1-decrease-speed",
    "type": 0,
    "channelType": 1,
    "dataItemFormatType": 0,
    "dataType": 0,
    "channelSettingType": 0
  },
  {
    "signalId": 166,
    "description": "vent-fan-1-speed-value",
    "type": 0,
    "channelType": 5,
    "dataItemFormatType": 14,
    "dataType": 4,
    "channelSettingType": 0
  },
  {
    "signalId": 167,
    "description": "vent-fan-2-on-off",
    "type": 0,
    "channelType": 1,
    "dataItemFormatType": 0,
    "dataType": 0,
    "channelSettingType": 0
  },
  {
    "signalId": 168,
    "description": "vent-fan-2-intake",
    "type": 0,
    "channelType": 1,
    "dataItemFormatType": 0,
    "dataType": 0,
    "channelSettingType": 0
  },
  {
    "signalId": 169,
    "description": "vent-fan-2-exhaust",
    "type": 0,
    "channelType": 1,
    "dataItemFormatType": 0,
    "dataType": 0,
    "channelSettingType": 0
  },
  {
    "signalId": 170,
    "description": "vent-fan-2-increase-speed",
    "type": 0,
    "channelType": 1,
    "dataItemFormatType": 0,
    "dataType": 0,
    "channelSettingType": 0
  },
  {
    "signalId": 171,
    "description": "vent-fan-2-decrease-speed",
    "type": 0,
    "channelType": 1,
    "dataItemFormatType": 0,
    "dataType": 0,
    "channelSettingType": 0
  },
  {
    "signalId": 172,
    "description": "vent-fan-2-speed-value",
    "type": 0,
    "channelType": 5,
    "dataItemFormatType": 14,
    "dataType": 4,
    "channelSettingType": 0
  },
  {
    "signalId": 173,
    "description": "truma-off",
    "type": 0,
    "channelType": 1,
    "dataItemFormatType": 0,
    "dataType": 0,
    "channelSettingType": 0
  },
  {
    "signalId": 174,
    "description": "truma-cool",
    "type": 0,
    "channelType": 1,
    "dataItemFormatType": 0,
    "dataType": 0,
    "channelSettingType": 0
  },
  {
    "signalId": 175,
    "description": "truma-fan-only",
    "type": 0,
    "channelType": 1,
    "dataItemFormatType": 0,
    "dataType": 0,
    "channelSettingType": 0
  },
  {
    "signalId": 176,
    "description": "truma-fan-off",
    "type": 0,
    "channelType": 1,
    "dataItemFormatType": 0,
    "dataType": 0,
    "channelSettingType": 0
  },
  {
    "signalId": 177,
    "description": "truma-fan-low",
    "type": 0,
    "channelType": 1,
    "dataItemFormatType": 0,
    "dataType": 0,
    "channelSettingType": 0
  },
  {
    "signalId": 178,
    "description": "truma-fan-med",
    "type": 0,
    "channelType": 1,
    "dataItemFormatType": 0,
    "dataType": 0,
    "channelSettingType": 0
  },
  {
    "signalId": 179,
    "description": "truma-fan-hi",
    "type": 0,
    "channelType": 1,
    "dataItemFormatType": 0,
    "dataType": 0,
    "channelSettingType": 0
  },
  {
    "signalId": 180,
    "description": "therm-set-temp-up",
    "type": 0,
    "channelType": 1,
    "dataItemFormatType": 0,
    "dataType": 0,
    "channelSettingType": 0
  },
  {
    "signalId": 181,
    "description": "therm-set-temp-down",
    "type": 0,
    "channelType": 1,
    "dataItemFormatType": 0,
    "dataType": 0,
    "channelSettingType": 0
  },
  {
    "signalId": 182,
    "description": "therm-set-temp-value",
    "type": 0,
    "channelType": 5,
    "dataItemFormatType": 0,
    "dataType": 2,
    "channelSettingType": 0
  },
  {
    "signalId": 183,
    "description": "therm-set-temp-value-c",
    "type": 0,
    "channelType": 5,
    "dataItemFormatType": 0,
    "dataType": 2,
    "channelSettingType": 0
  },
  {
    "signalId": 184,
    "description": "rixens-system-on-off",
    "type": 0,
    "channelType": 1,
    "dataItemFormatType": 0,
    "dataType": 0,
    "channelSettingType": 0
  },
  {
    "signalId": 185,
    "description": "rixens-floor-on-off",
    "type": 0,
    "channelType": 1,
    "dataItemFormatType": 0,
    "dataType": 0,
    "channelSettingType": 0
  },
  {
    "signalId": 186,
    "description": "rixens-furnace-on-off",
    "type": 0,
    "channelType": 1,
    "dataItemFormatType": 0,
    "dataType": 0,
    "channelSettingType": 0
  },
  {
    "signalId": 187,
    "description": "rixens-electric-on-off",
    "type": 0,
    "channelType": 1,
    "dataItemFormatType": 0,
    "dataType": 0,
    "channelSettingType": 0
  },
  {
    "signalId": 188,
    "description": "rixens-engine-on-off",
    "type": 0,
    "channelType": 1,
    "dataItemFormatType": 0,
    "dataType": 0,
    "channelSettingType": 0
  },
  {
    "signalId": 189,
    "description": "rixens-aux-on-off",
    "type": 0,
    "channelType": 1,
    "dataItemFormatType": 0,
    "dataType": 0,
    "channelSettingType": 0
  },
  {
    "signalId": 336,
    "description": "rixens-fan-up",
    "type": 0,
    "channelType": 1,
    "dataItemFormatType": 0,
    "dataType": 0,
    "channelSettingType": 0
  },
  {
    "signalId": 337,
    "description": "rixens-fan-down",
    "type": 0,
    "channelType": 1,
    "dataItemFormatType": 0,
    "dataType": 0,
    "channelSettingType": 0
  },
  {
    "signalId": 338,
    "description": "rixens-fan-value",
    "type": 0,
    "channelType": 5,
    "dataItemFormatType": 14,
    "dataType": 4,
    "channelSettingType": 0
  },
  {
    "signalId": 190,
    "description": "rixens-fan-only",
    "type": 0,
    "channelType": 1,
    "dataItemFormatType": 0,
    "dataType": 0,
    "channelSettingType": 0
  },
  {
    "signalId": 191,
    "description": "rixen-hot-water",
    "type": 0,
    "channelType": 1,
    "dataItemFormatType": 0,
    "dataType": 0,
    "channelSettingType": 0
  },
  {
    "signalId": 192,
    "description": "rixens-fan-on-off",
    "type": 0,
    "channelType": 1,
    "dataItemFormatType": 0,
    "dataType": 0,
    "channelSettingType": 0
  },
  {
    "signalId": 132,
    "description": "multiplus-off",
    "type": 0,
    "channelType": 1,
    "dataItemFormatType": 0,
    "dataType": 0,
    "channelSettingType": 0
  },
  {
    "signalId": 133,
    "description": "multiplus-on",
    "type": 0,
    "channelType": 1,
    "dataItemFormatType": 0,
    "dataType": 0,
    "channelSettingType": 0
  },
  {
    "signalId": 134,
    "description": "multiplus-charger-only",
    "type": 0,
    "channelType": 1,
    "dataItemFormatType": 0,
    "dataType": 0,
    "channelSettingType": 0
  },
  {
    "signalId": 135,
    "description": "increase-ac-limit",
    "type": 0,
    "channelType": 1,
    "dataItemFormatType": 0,
    "dataType": 0,
    "channelSettingType": 0
  },
  {
    "signalId": 136,
    "description": "decrease-ac-limit",
    "type": 0,
    "channelType": 1,
    "dataItemFormatType": 0,
    "dataType": 0,
    "channelSettingType": 0
  },
  {
    "signalId": 137,
    "description": "requested-ac-limit",
    "type": 0,
    "channelType": 5,
    "dataItemFormatType": 6,
    "dataType": 4,
    "channelSettingType": 0
  },
  {
    "signalId": 138,
    "description": "load-ac-limit",
    "type": 0,
    "channelType": 1,
    "dataItemFormatType": 0,
    "dataType": 0,
    "channelSettingType": 0
  },
  {
    "signalId": 139,
    "description": "current-ac-limit",
    "type": 0,
    "channelType": 5,
    "dataItemFormatType": 6,
    "dataType": 4,
    "channelSettingType": 0
  },
  {
    "signalId": 140,
    "description": "ac-limit-5",
    "type": 0,
    "channelType": 1,
    "dataItemFormatType": 0,
    "dataType": 0,
    "channelSettingType": 0
  },
  {
    "signalId": 141,
    "description": "ac-limit-10",
    "type": 0,
    "channelType": 1,
    "dataItemFormatType": 0,
    "dataType": 0,
    "channelSettingType": 0
  },
  {
    "signalId": 142,
    "description": "ac-limit-15",
    "type": 0,
    "channelType": 1,
    "dataItemFormatType": 0,
    "dataType": 0,
    "channelSettingType": 0
  },
  {
    "signalId": 143,
    "description": "ac-limit-20",
    "type": 0,
    "channelType": 1,
    "dataItemFormatType": 0,
    "dataType": 0,
    "channelSettingType": 0
  },
  {
    "signalId": 144,
    "description": "ac-limit-30",
    "type": 0,
    "channelType": 1,
    "dataItemFormatType": 0,
    "dataType": 0,
    "channelSettingType": 0
  },
  {
    "signalId": 145,
    "description": "ac-limit-50",
    "type": 0,
    "channelType": 1,
    "dataItemFormatType": 0,
    "dataType": 0,
    "channelSettingType": 0
  },
  {
    "signalId": 146,
    "description": "bms-battery-voltage",
    "type": 0,
    "channelType": 5,
    "dataItemFormatType": 27,
    "dataType": 2,
    "channelSettingType": 0
  },
  {
    "signalId": 147,
    "description": "dc-loads",
    "type": 0,
    "channelType": 5,
    "dataItemFormatType": 6,
    "dataType": 3,
    "channelSettingType": 0
  },
  {
    "signalId": 148,
    "description": "bms-battery-amperage",
    "type": 0,
    "channelType": 5,
    "dataItemFormatType": 6,
    "dataType": 1,
    "channelSettingType": 0
  },
  {
    "signalId": 149,
    "description": "bms-state-of-charge",
    "type": 0,
    "channelType": 5,
    "dataItemFormatType": 14,
    "dataType": 2,
    "channelSettingType": 0
  },
  {
    "signalId": 150,
    "description": "bms-time-to-go",
    "type": 0,
    "channelType": 5,
    "dataItemFormatType": 23,
    "dataType": 2,
    "channelSettingType": 0
  },
  {
    "signalId": 151,
    "description": "leg-one-ac-in-voltage",
    "type": 0,
    "channelType": 5,
    "dataItemFormatType": 6,
    "dataType": 3,
    "channelSettingType": 0
  },
  {
    "signalId": 152,
    "description": "leg-one-ac-in-voltage",
    "type": 0,
    "channelType": 5,
    "dataItemFormatType": 27,
    "dataType": 2,
    "channelSettingType": 0
  },
  {
    "signalId": 153,
    "description": "primary-solar-voltage",
    "type": 0,
    "channelType": 5,
    "dataItemFormatType": 27,
    "dataType": 2,
    "channelSettingType": 0
  },
  {
    "signalId": 154,
    "description": "leg-one-ac-out-voltage",
    "type": 0,
    "channelType": 5,
    "dataItemFormatType": 27,
    "dataType": 2,
    "channelSettingType": 0
  },
  {
    "signalId": 155,
    "description": "leg-one-ac-out-amperage",
    "type": 0,
    "channelType": 5,
    "dataItemFormatType": 6,
    "dataType": 3,
    "channelSettingType": 0
  },
  {
    "signalId": 156,
    "description": "solar-indicator",
    "type": 0,
    "channelType": 0,
    "dataItemFormatType": 0,
    "dataType": 0,
    "channelSettingType": 0
  },
  {
    "signalId": 157,
    "description": "primary-solar-amperage",
    "type": 0,
    "channelType": 5,
    "dataItemFormatType": 6,
    "dataType": 3,
    "channelSettingType": 0
  },
  {
    "signalId": 158,
    "description": "aux-solar-voltage",
    "type": 0,
    "channelType": 5,
    "dataItemFormatType": 27,
    "dataType": 2,
    "channelSettingType": 0
  },
  {
    "signalId": 159,
    "description": "aux-solar-amperage",
    "type": 0,
    "channelType": 5,
    "dataItemFormatType": 6,
    "dataType": 3,
    "channelSettingType": 0
  },
  {
    "signalId": 160,
    "description": "shore-power-indicator",
    "type": 0,
    "channelType": 0,
    "dataItemFormatType": 0,
    "dataType": 4,
    "channelSettingType": 0
  },
  {
    "signalId": 193,
    "description": "awning-stop-mom",
    "type": 0,
    "channelType": 1,
    "dataItemFormatType": 0,
    "dataType": 0,
    "channelSettingType": 0
  },
  {
    "signalId": 194,
    "description": "awning-retract-mom",
    "type": 0,
    "channelType": 1,
    "dataItemFormatType": 0,
    "dataType": 0,
    "channelSettingType": 0
  },
  {
    "signalId": 195,
    "description": "awning-extend-mom",
    "type": 0,
    "channelType": 1,
    "dataItemFormatType": 0,
    "dataType": 0,
    "channelSettingType": 0
  },
  {
    "signalId": 196,
    "description": "awning-led-on-off",
    "type": 0,
    "channelType": 1,
    "dataItemFormatType": 0,
    "dataType": 0,
    "channelSettingType": 0
  }
]