{
  "systemType": "core-lite",
  "outputs": [
    {
      "id": "lite-01",
      "source": "lite",
      "channel": 1,
      "control": "toggle-button",
      "label": "Lite 1",
      "icon": "/icons/Light.svg",
      "signals": {
        "toggle": null,
        "momentary": null,
        "dimmer": null
      }
    },
    {
      "id": "lite-02",
      "source": "lite",
      "channel": 2,
      "control": "toggle-button",
      "label": "Lite 2",
      "icon": "/icons/Light.svg",
      "signals": {
        "toggle": null,
        "momentary": null,
        "dimmer": null
      }
    },
    {
      "id": "lite-03",
      "source": "lite",
      "channel": 3,
      "control": "toggle-button",
      "label": "Lite 3",
      "icon": "/icons/Light.svg",
      "signals": {
        "toggle": null,
        "momentary": null,
        "dimmer": null
      }
    },
    {
      "id": "lite-04",
      "source": "lite",
      "channel": 4,
      "control": "toggle-button",
      "label": "Lite 4",
      "icon": "/icons/Light.svg",
      "signals": {
        "toggle": null,
        "momentary": null,
        "dimmer": null
      }
    },
    {
      "id": "lite-05",
      "source": "lite",
      "channel": 5,
      "control": "toggle-button",
      "label": "Lite 5",
      "icon": "/icons/Light.svg",
      "signals": {
        "toggle": null,
        "momentary": null,
        "dimmer": null
      }
    },
    {
      "id": "lite-06",
      "source": "lite",
      "channel": 6,
      "control": "toggle-button",
      "label": "Lite 6",
      "icon": "/icons/Light.svg",
      "signals": {
        "toggle": null,
        "momentary": null,
        "dimmer": null
      }
    }
  ]
}
